<application>
  <component name="CodeFoldingSettings">
    <option name="COLLAPSE_METHODS" value="true" />
  </component>
  <component name="EditorSettings">
    <option name="IS_WHITESPACES_SHOWN" value="true" />
    <option name="IS_ANIMATED_SCROLLING" value="false" />
  </component>
  <component name="XmlEditorOptions">
    <option name="autoCloseTag" value="false" />
    <option name="automaticallyInsertClosingTag" value="false" />
    <option name="insertQuotesForAttributeValue" value="false" />
    <option name="showCssInlineColorPreview" value="true" />
  </component>
</application>