<application>
  <component name="DefaultFont">
    <option name="FONT_SIZE" value="16" />
    <option name="FONT_FAMILY" value="Hack" />
    <option name="FONT_SCALE" value="1.0833334" />
    <option name="USE_LIGATURES" value="true" />
    <option name="SECONDARY_FONT_FAMILY" value="Ubuntu Mono" />
  </component>
  <component name="EditorSettings">
    <option name="IS_WHITESPACES_SHOWN" value="true" />
  </component>
  <component name="XmlEditorOptions">
    <option name="autoCloseTag" value="false" />
    <option name="automaticallyInsertClosingTag" value="false" />
    <option name="insertQuotesForAttributeValue" value="false" />
    <option name="showCssInlineColorPreview" value="true" />
  </component>
</application>