<application>
  <component name="FindSettings">
    <option name="customScope" value="no env" />
    <option name="defaultScopeName" value="no env" />
    <option name="SEARCH_SCOPE" value="no env" />
    <recentFileMasks>
      <mask>*.properties</mask>
      <mask>*.jsp</mask>
      <mask>*.xml</mask>
      <mask>*.java</mask>
      <mask>*.js</mask>
      <mask>*.as</mask>
      <mask>*.css</mask>
      <mask>*.mxml</mask>
      <mask>*.htm</mask>
      <mask>*.ht</mask>
      <mask>*.h</mask>
      <mask>*y.</mask>
      <mask>.</mask>
      <mask>.p</mask>
      <mask>*.p</mask>
      <mask>*.</mask>
      <mask>*.html</mask>
      <mask>.py</mask>
      <mask>*.py</mask>
    </recentFileMasks>
  </component>
</application>