<application>
  <component name="ProjectJdkTable">
    <jdk version="2">
      <name value="Python 3.6.1 virtualenv at ~/Work/Analytics-Web/env" />
      <type value="Python SDK" />
      <version value="Python 3.6.1" />
      <homePath value="$USER_HOME$/Work/Analytics-Web/env/bin/python" />
      <roots>
        <classPath>
          <root type="composite">
            <root url="file:///usr/lib64/python3.6" type="simple" />
            <root url="file:///usr/lib64/python3.6/lib-dynload" type="simple" />
            <root url="file://$USER_HOME$/Work/Analytics-Web/env/lib64/python3.6/site-packages" type="simple" />
            <root url="file://$USER_HOME$/Work/Analytics-Web/env/lib/python3.6/site-packages" type="simple" />
            <root url="file://$USER_HOME$/.PyCharm2017.3/system/python_stubs/2073444724" type="simple" />
            <root url="file://$APPLICATION_HOME_DIR$/helpers/python-skeletons" type="simple" />
            <root url="file://$APPLICATION_HOME_DIR$/helpers/typeshed/stdlib/3.6" type="simple" />
            <root url="file://$APPLICATION_HOME_DIR$/helpers/typeshed/stdlib/3.5" type="simple" />
            <root url="file://$APPLICATION_HOME_DIR$/helpers/typeshed/stdlib/3.4" type="simple" />
            <root url="file://$APPLICATION_HOME_DIR$/helpers/typeshed/stdlib/3.3" type="simple" />
            <root url="file://$APPLICATION_HOME_DIR$/helpers/typeshed/stdlib/3" type="simple" />
            <root url="file://$APPLICATION_HOME_DIR$/helpers/typeshed/stdlib/2and3" type="simple" />
            <root url="file://$APPLICATION_HOME_DIR$/helpers/typeshed/third_party/3" type="simple" />
            <root url="file://$APPLICATION_HOME_DIR$/helpers/typeshed/third_party/2and3" type="simple" />
          </root>
        </classPath>
        <sourcePath>
          <root type="composite" />
        </sourcePath>
      </roots>
      <additional ASSOCIATED_PROJECT_PATH="$USER_HOME$/Work/Analytics-Web" />
    </jdk>
    <jdk version="2">
      <name value="Python 3.6.1 virtualenv at ~/Stuff/sqlPro/env" />
      <type value="Python SDK" />
      <version value="Python 3.6.1" />
      <homePath value="$USER_HOME$/Stuff/sqlPro/env/bin/python" />
      <roots>
        <classPath>
          <root type="composite">
            <root url="file:///usr/lib64/python3.6" type="simple" />
            <root url="file:///usr/lib64/python3.6/lib-dynload" type="simple" />
            <root url="file://$USER_HOME$/Stuff/sqlPro/env/lib64/python3.6/site-packages" type="simple" />
            <root url="file://$USER_HOME$/Stuff/sqlPro/env/lib/python3.6/site-packages" type="simple" />
            <root url="file://$USER_HOME$/.PyCharm2017.2/system/python_stubs/1590132713" type="simple" />
            <root url="file://$APPLICATION_HOME_DIR$/helpers/python-skeletons" type="simple" />
            <root url="file://$APPLICATION_HOME_DIR$/helpers/typeshed/stdlib/3.6" type="simple" />
            <root url="file://$APPLICATION_HOME_DIR$/helpers/typeshed/stdlib/3.5" type="simple" />
            <root url="file://$APPLICATION_HOME_DIR$/helpers/typeshed/stdlib/3.4" type="simple" />
            <root url="file://$APPLICATION_HOME_DIR$/helpers/typeshed/stdlib/3.3" type="simple" />
            <root url="file://$APPLICATION_HOME_DIR$/helpers/typeshed/stdlib/3" type="simple" />
            <root url="file://$APPLICATION_HOME_DIR$/helpers/typeshed/stdlib/2and3" type="simple" />
            <root url="file://$APPLICATION_HOME_DIR$/helpers/typeshed/third_party/3" type="simple" />
            <root url="file://$APPLICATION_HOME_DIR$/helpers/typeshed/third_party/2and3" type="simple" />
          </root>
        </classPath>
        <sourcePath>
          <root type="composite" />
        </sourcePath>
      </roots>
      <additional ASSOCIATED_PROJECT_PATH="$USER_HOME$/Stuff/sqlPro" />
    </jdk>
    <jdk version="2">
      <name value="Python 3.6.1 virtualenv at ~/Work/pybb/env" />
      <type value="Python SDK" />
      <version value="Python 3.6.1" />
      <homePath value="$USER_HOME$/Work/pybb/env/bin/python" />
      <roots>
        <classPath>
          <root type="composite">
            <root url="file:///usr/lib64/python3.6" type="simple" />
            <root url="file:///usr/lib64/python3.6/lib-dynload" type="simple" />
            <root url="file://$USER_HOME$/Work/pybb/env/lib64/python3.6/site-packages" type="simple" />
            <root url="file://$USER_HOME$/Work/pybb/env/lib/python3.6/site-packages" type="simple" />
            <root url="file://$USER_HOME$/.PyCharm2017.3/system/python_stubs/-136155040" type="simple" />
            <root url="file://$APPLICATION_HOME_DIR$/helpers/python-skeletons" type="simple" />
            <root url="file://$APPLICATION_HOME_DIR$/helpers/typeshed/stdlib/3.6" type="simple" />
            <root url="file://$APPLICATION_HOME_DIR$/helpers/typeshed/stdlib/3.5" type="simple" />
            <root url="file://$APPLICATION_HOME_DIR$/helpers/typeshed/stdlib/3.4" type="simple" />
            <root url="file://$APPLICATION_HOME_DIR$/helpers/typeshed/stdlib/3.3" type="simple" />
            <root url="file://$APPLICATION_HOME_DIR$/helpers/typeshed/stdlib/3" type="simple" />
            <root url="file://$APPLICATION_HOME_DIR$/helpers/typeshed/stdlib/2and3" type="simple" />
            <root url="file://$APPLICATION_HOME_DIR$/helpers/typeshed/third_party/3" type="simple" />
            <root url="file://$APPLICATION_HOME_DIR$/helpers/typeshed/third_party/2and3" type="simple" />
          </root>
        </classPath>
        <sourcePath>
          <root type="composite" />
        </sourcePath>
      </roots>
      <additional ASSOCIATED_PROJECT_PATH="$USER_HOME$/Work/pybb" />
    </jdk>
    <jdk version="2">
      <name value="Python 3.6.2 virtualenv at ~/Work/Peter/env" />
      <type value="Python SDK" />
      <version value="Python 3.6.2" />
      <homePath value="$USER_HOME$/Work/Peter/env/bin/python" />
      <roots>
        <classPath>
          <root type="composite">
            <root url="file:///usr/lib64/python3.6" type="simple" />
            <root url="file:///usr/lib64/python3.6/lib-dynload" type="simple" />
            <root url="file://$USER_HOME$/Work/Peter/env/lib64/python3.6/site-packages" type="simple" />
            <root url="file://$USER_HOME$/Work/Peter/env/lib/python3.6/site-packages" type="simple" />
            <root url="file://$USER_HOME$/.PyCharm2017.3/system/python_stubs/1801665013" type="simple" />
            <root url="file://$APPLICATION_HOME_DIR$/helpers/python-skeletons" type="simple" />
            <root url="file://$APPLICATION_HOME_DIR$/helpers/typeshed/stdlib/3.6" type="simple" />
            <root url="file://$APPLICATION_HOME_DIR$/helpers/typeshed/stdlib/3.5" type="simple" />
            <root url="file://$APPLICATION_HOME_DIR$/helpers/typeshed/stdlib/3.4" type="simple" />
            <root url="file://$APPLICATION_HOME_DIR$/helpers/typeshed/stdlib/3.3" type="simple" />
            <root url="file://$APPLICATION_HOME_DIR$/helpers/typeshed/stdlib/3" type="simple" />
            <root url="file://$APPLICATION_HOME_DIR$/helpers/typeshed/stdlib/2and3" type="simple" />
            <root url="file://$APPLICATION_HOME_DIR$/helpers/typeshed/third_party/3" type="simple" />
            <root url="file://$APPLICATION_HOME_DIR$/helpers/typeshed/third_party/2and3" type="simple" />
          </root>
        </classPath>
        <sourcePath>
          <root type="composite" />
        </sourcePath>
      </roots>
      <additional ASSOCIATED_PROJECT_PATH="$USER_HOME$/Work/Peter" />
    </jdk>
    <jdk version="2">
      <name value="Python 3.6.3 virtualenv at ~/Work/bb2/env" />
      <type value="Python SDK" />
      <version value="Python 3.6.3" />
      <homePath value="$USER_HOME$/Work/bb2/env/bin/python" />
      <roots>
        <classPath>
          <root type="composite">
            <root url="file:///usr/lib64/python3.6" type="simple" />
            <root url="file:///usr/lib64/python3.6/lib-dynload" type="simple" />
            <root url="file://$USER_HOME$/Work/bb2/env/lib64/python3.6/site-packages" type="simple" />
            <root url="file://$USER_HOME$/Work/bb2/env/lib/python3.6/site-packages" type="simple" />
            <root url="file://$USER_HOME$/.PyCharm2017.3/system/python_stubs/-640528849" type="simple" />
            <root url="file://$APPLICATION_HOME_DIR$/helpers/python-skeletons" type="simple" />
            <root url="file://$APPLICATION_HOME_DIR$/helpers/typeshed/stdlib/3.6" type="simple" />
            <root url="file://$APPLICATION_HOME_DIR$/helpers/typeshed/stdlib/3.5" type="simple" />
            <root url="file://$APPLICATION_HOME_DIR$/helpers/typeshed/stdlib/3.4" type="simple" />
            <root url="file://$APPLICATION_HOME_DIR$/helpers/typeshed/stdlib/3.3" type="simple" />
            <root url="file://$APPLICATION_HOME_DIR$/helpers/typeshed/stdlib/3" type="simple" />
            <root url="file://$APPLICATION_HOME_DIR$/helpers/typeshed/stdlib/2and3" type="simple" />
            <root url="file://$APPLICATION_HOME_DIR$/helpers/typeshed/third_party/3" type="simple" />
            <root url="file://$APPLICATION_HOME_DIR$/helpers/typeshed/third_party/2and3" type="simple" />
          </root>
        </classPath>
        <sourcePath>
          <root type="composite" />
        </sourcePath>
      </roots>
      <additional ASSOCIATED_PROJECT_PATH="$USER_HOME$/Work/bb2" />
    </jdk>
    <jdk version="2">
      <name value="Python 3.6.3 virtualenv at ~/Work/Gorilla/env" />
      <type value="Python SDK" />
      <version value="Python 3.6.3" />
      <homePath value="$USER_HOME$/Work/Gorilla/env/bin/python" />
      <roots>
        <classPath>
          <root type="composite">
            <root url="file:///usr/lib64/python3.6" type="simple" />
            <root url="file:///usr/lib64/python3.6/lib-dynload" type="simple" />
            <root url="file://$USER_HOME$/Work/Gorilla/env/lib64/python3.6/site-packages" type="simple" />
            <root url="file://$USER_HOME$/Work/Gorilla/env/lib/python3.6/site-packages" type="simple" />
            <root url="file://$USER_HOME$/.PyCharm2017.3/system/python_stubs/-664545057" type="simple" />
            <root url="file://$APPLICATION_HOME_DIR$/helpers/python-skeletons" type="simple" />
            <root url="file://$APPLICATION_HOME_DIR$/helpers/typeshed/stdlib/3.6" type="simple" />
            <root url="file://$APPLICATION_HOME_DIR$/helpers/typeshed/stdlib/3.5" type="simple" />
            <root url="file://$APPLICATION_HOME_DIR$/helpers/typeshed/stdlib/3.4" type="simple" />
            <root url="file://$APPLICATION_HOME_DIR$/helpers/typeshed/stdlib/3.3" type="simple" />
            <root url="file://$APPLICATION_HOME_DIR$/helpers/typeshed/stdlib/3" type="simple" />
            <root url="file://$APPLICATION_HOME_DIR$/helpers/typeshed/stdlib/2and3" type="simple" />
            <root url="file://$APPLICATION_HOME_DIR$/helpers/typeshed/third_party/3" type="simple" />
            <root url="file://$APPLICATION_HOME_DIR$/helpers/typeshed/third_party/2and3" type="simple" />
          </root>
        </classPath>
        <sourcePath>
          <root type="composite" />
        </sourcePath>
      </roots>
      <additional ASSOCIATED_PROJECT_PATH="$USER_HOME$/Work/Gorilla" />
    </jdk>
    <jdk version="2">
      <name value="Python 3.6.3 (/usr/bin/python3.6)" />
      <type value="Python SDK" />
      <version value="Python 3.6.3" />
      <homePath value="/usr/bin/python3.6" />
      <roots>
        <classPath>
          <root type="composite">
            <root url="file:///usr/lib64/python3.6" type="simple" />
            <root url="file:///usr/lib64/python3.6/lib-dynload" type="simple" />
            <root url="file:///usr/lib64/python3.6/site-packages" type="simple" />
            <root url="file:///usr/lib64/python3.6/site-packages/gtk-2.0" type="simple" />
            <root url="file:///usr/lib64/python3.6/_import_failed" type="simple" />
            <root url="file:///usr/lib/python3.6/site-packages" type="simple" />
            <root url="file://$USER_HOME$/.PyCharm2017.3/system/python_stubs/-1247971763" type="simple" />
            <root url="file://$APPLICATION_HOME_DIR$/helpers/python-skeletons" type="simple" />
            <root url="file://$APPLICATION_HOME_DIR$/helpers/typeshed/stdlib/3.6" type="simple" />
            <root url="file://$APPLICATION_HOME_DIR$/helpers/typeshed/stdlib/3.5" type="simple" />
            <root url="file://$APPLICATION_HOME_DIR$/helpers/typeshed/stdlib/3.4" type="simple" />
            <root url="file://$APPLICATION_HOME_DIR$/helpers/typeshed/stdlib/3.3" type="simple" />
            <root url="file://$APPLICATION_HOME_DIR$/helpers/typeshed/stdlib/3" type="simple" />
            <root url="file://$APPLICATION_HOME_DIR$/helpers/typeshed/stdlib/2and3" type="simple" />
            <root url="file://$APPLICATION_HOME_DIR$/helpers/typeshed/third_party/3" type="simple" />
            <root url="file://$APPLICATION_HOME_DIR$/helpers/typeshed/third_party/2and3" type="simple" />
          </root>
        </classPath>
        <sourcePath>
          <root type="composite" />
        </sourcePath>
      </roots>
      <additional />
    </jdk>
    <jdk version="2">
      <name value="Python 3.6.3 virtualenv at ~/Stuff/xstufftest/env" />
      <type value="Python SDK" />
      <version value="Python 3.6.3" />
      <homePath value="$USER_HOME$/Stuff/xstufftest/env/bin/python" />
      <roots>
        <classPath>
          <root type="composite">
            <root url="file:///usr/lib64/python3.6" type="simple" />
            <root url="file:///usr/lib64/python3.6/lib-dynload" type="simple" />
            <root url="file://$USER_HOME$/.PyCharm2017.2/system/python_stubs/943530362" type="simple" />
            <root url="file://$APPLICATION_HOME_DIR$/helpers/python-skeletons" type="simple" />
            <root url="file://$APPLICATION_HOME_DIR$/helpers/typeshed/stdlib/3.6" type="simple" />
            <root url="file://$APPLICATION_HOME_DIR$/helpers/typeshed/stdlib/3.5" type="simple" />
            <root url="file://$APPLICATION_HOME_DIR$/helpers/typeshed/stdlib/3.4" type="simple" />
            <root url="file://$APPLICATION_HOME_DIR$/helpers/typeshed/stdlib/3.3" type="simple" />
            <root url="file://$APPLICATION_HOME_DIR$/helpers/typeshed/stdlib/3" type="simple" />
            <root url="file://$APPLICATION_HOME_DIR$/helpers/typeshed/stdlib/2and3" type="simple" />
            <root url="file://$APPLICATION_HOME_DIR$/helpers/typeshed/third_party/3" type="simple" />
            <root url="file://$APPLICATION_HOME_DIR$/helpers/typeshed/third_party/2and3" type="simple" />
          </root>
        </classPath>
        <sourcePath>
          <root type="composite" />
        </sourcePath>
      </roots>
      <additional ASSOCIATED_PROJECT_PATH="$USER_HOME$/Stuff/xstufftest" />
    </jdk>
    <jdk version="2">
      <name value="Python 3.6 virtualenv at ~/Work/ptms/env" />
      <type value="Python SDK" />
      <version value="Python 3.6.4" />
      <homePath value="$USER_HOME$/Work/ptms/env/bin/python" />
      <roots>
        <classPath>
          <root type="composite">
            <root url="file:///usr/lib64/python3.6" type="simple" />
            <root url="file:///usr/lib64/python3.6/lib-dynload" type="simple" />
            <root url="file://$USER_HOME$/.PyCharm2017.3/system/python_stubs/-1828369505" type="simple" />
            <root url="file://$APPLICATION_HOME_DIR$/helpers/python-skeletons" type="simple" />
            <root url="file://$APPLICATION_HOME_DIR$/helpers/typeshed/stdlib/3.6" type="simple" />
            <root url="file://$APPLICATION_HOME_DIR$/helpers/typeshed/stdlib/3.5" type="simple" />
            <root url="file://$APPLICATION_HOME_DIR$/helpers/typeshed/stdlib/3.4" type="simple" />
            <root url="file://$APPLICATION_HOME_DIR$/helpers/typeshed/stdlib/3.3" type="simple" />
            <root url="file://$APPLICATION_HOME_DIR$/helpers/typeshed/stdlib/3" type="simple" />
            <root url="file://$APPLICATION_HOME_DIR$/helpers/typeshed/stdlib/2and3" type="simple" />
            <root url="file://$APPLICATION_HOME_DIR$/helpers/typeshed/third_party/3" type="simple" />
            <root url="file://$APPLICATION_HOME_DIR$/helpers/typeshed/third_party/2and3" type="simple" />
          </root>
        </classPath>
        <sourcePath>
          <root type="composite" />
        </sourcePath>
      </roots>
      <additional ASSOCIATED_PROJECT_PATH="$USER_HOME$/Work/ptms" />
    </jdk>
    <jdk version="2">
      <name value="Python 3.6 (Code)" />
      <type value="Python SDK" />
      <version value="Python 3.6.4" />
      <homePath value="$USER_HOME$/Dropbox/packtbook/Code/Ch9/server/env/bin/python3" />
      <roots>
        <classPath>
          <root type="composite">
            <root url="file:///usr/lib64/python3.6" type="simple" />
            <root url="file:///usr/lib64/python3.6/lib-dynload" type="simple" />
            <root url="file://$USER_HOME$/.PyCharm2017.3/system/python_stubs/-1704683218" type="simple" />
            <root url="file://$APPLICATION_HOME_DIR$/helpers/python-skeletons" type="simple" />
            <root url="file://$APPLICATION_HOME_DIR$/helpers/typeshed/stdlib/3.6" type="simple" />
            <root url="file://$APPLICATION_HOME_DIR$/helpers/typeshed/stdlib/3.5" type="simple" />
            <root url="file://$APPLICATION_HOME_DIR$/helpers/typeshed/stdlib/3.4" type="simple" />
            <root url="file://$APPLICATION_HOME_DIR$/helpers/typeshed/stdlib/3.3" type="simple" />
            <root url="file://$APPLICATION_HOME_DIR$/helpers/typeshed/stdlib/3" type="simple" />
            <root url="file://$APPLICATION_HOME_DIR$/helpers/typeshed/stdlib/2and3" type="simple" />
            <root url="file://$APPLICATION_HOME_DIR$/helpers/typeshed/third_party/3" type="simple" />
            <root url="file://$APPLICATION_HOME_DIR$/helpers/typeshed/third_party/2and3" type="simple" />
          </root>
        </classPath>
        <sourcePath>
          <root type="composite" />
        </sourcePath>
      </roots>
      <additional ASSOCIATED_PROJECT_PATH="$USER_HOME$/Dropbox/packtbook/Code" />
    </jdk>
    <jdk version="2">
      <name value="Python 3.6 virtualenv at ~/Work/flexpath/env" />
      <type value="Python SDK" />
      <version value="Python 3.6.4" />
      <homePath value="$USER_HOME$/Work/flexpath/env/bin/python" />
      <roots>
        <classPath>
          <root type="composite">
            <root url="file:///usr/lib64/python3.6" type="simple" />
            <root url="file:///usr/lib64/python3.6/lib-dynload" type="simple" />
            <root url="file://$USER_HOME$/Work/flexpath/env/lib64/python3.6/site-packages" type="simple" />
            <root url="file://$USER_HOME$/Work/flexpath/env/lib/python3.6/site-packages" type="simple" />
            <root url="file://$USER_HOME$/.PyCharm2017.3/system/python_stubs/617539115" type="simple" />
            <root url="file://$APPLICATION_HOME_DIR$/helpers/python-skeletons" type="simple" />
            <root url="file://$APPLICATION_HOME_DIR$/helpers/typeshed/stdlib/3.6" type="simple" />
            <root url="file://$APPLICATION_HOME_DIR$/helpers/typeshed/stdlib/3.5" type="simple" />
            <root url="file://$APPLICATION_HOME_DIR$/helpers/typeshed/stdlib/3.4" type="simple" />
            <root url="file://$APPLICATION_HOME_DIR$/helpers/typeshed/stdlib/3.3" type="simple" />
            <root url="file://$APPLICATION_HOME_DIR$/helpers/typeshed/stdlib/3" type="simple" />
            <root url="file://$APPLICATION_HOME_DIR$/helpers/typeshed/stdlib/2and3" type="simple" />
            <root url="file://$APPLICATION_HOME_DIR$/helpers/typeshed/third_party/3" type="simple" />
            <root url="file://$APPLICATION_HOME_DIR$/helpers/typeshed/third_party/2and3" type="simple" />
          </root>
        </classPath>
        <sourcePath>
          <root type="composite" />
        </sourcePath>
      </roots>
      <additional ASSOCIATED_PROJECT_PATH="$USER_HOME$/Work/flexpath" />
    </jdk>
    <jdk version="2">
      <name value="Python 3.6 (Code) (1)" />
      <type value="Python SDK" />
      <version value="Python 3.6.4" />
      <homePath value="$USER_HOME$/Dropbox/packtbook/Code/Ch10/server/env/bin/python3" />
      <roots>
        <classPath>
          <root type="composite">
            <root url="file:///usr/lib64/python3.6" type="simple" />
            <root url="file:///usr/lib64/python3.6/lib-dynload" type="simple" />
            <root url="file://$USER_HOME$/.PyCharm2017.3/system/python_stubs/-42175494" type="simple" />
            <root url="file://$APPLICATION_HOME_DIR$/helpers/python-skeletons" type="simple" />
            <root url="file://$APPLICATION_HOME_DIR$/helpers/typeshed/stdlib/3.6" type="simple" />
            <root url="file://$APPLICATION_HOME_DIR$/helpers/typeshed/stdlib/3.5" type="simple" />
            <root url="file://$APPLICATION_HOME_DIR$/helpers/typeshed/stdlib/3.4" type="simple" />
            <root url="file://$APPLICATION_HOME_DIR$/helpers/typeshed/stdlib/3.3" type="simple" />
            <root url="file://$APPLICATION_HOME_DIR$/helpers/typeshed/stdlib/3" type="simple" />
            <root url="file://$APPLICATION_HOME_DIR$/helpers/typeshed/stdlib/2and3" type="simple" />
            <root url="file://$APPLICATION_HOME_DIR$/helpers/typeshed/third_party/3" type="simple" />
            <root url="file://$APPLICATION_HOME_DIR$/helpers/typeshed/third_party/2and3" type="simple" />
          </root>
        </classPath>
        <sourcePath>
          <root type="composite" />
        </sourcePath>
      </roots>
      <additional ASSOCIATED_PROJECT_PATH="$USER_HOME$/Dropbox/packtbook/Code" />
    </jdk>
    <jdk version="2">
      <name value="Python 2.7 virtualenv at ~/Work/interroute/env" />
      <type value="Python SDK" />
      <version value="Python 2.7.14" />
      <homePath value="$USER_HOME$/Work/interroute/env/bin/python" />
      <roots>
        <classPath>
          <root type="composite">
            <root url="file://$USER_HOME$/Work/interroute/env/lib64/python2.7" type="simple" />
            <root url="file://$USER_HOME$/Work/interroute/env/lib64/python2.7/lib-dynload" type="simple" />
            <root url="file:///usr/lib64/python2.7" type="simple" />
            <root url="file:///usr/lib/python2.7" type="simple" />
            <root url="file://$USER_HOME$/Work/interroute/env/lib/python2.7/site-packages" type="simple" />
            <root url="file://$USER_HOME$/.PyCharm2017.3/system/python_stubs/-1249902084" type="simple" />
            <root url="file://$APPLICATION_HOME_DIR$/helpers/python-skeletons" type="simple" />
            <root url="file://$APPLICATION_HOME_DIR$/helpers/typeshed/stdlib/2" type="simple" />
            <root url="file://$APPLICATION_HOME_DIR$/helpers/typeshed/stdlib/2and3" type="simple" />
            <root url="file://$APPLICATION_HOME_DIR$/helpers/typeshed/third_party/2" type="simple" />
            <root url="file://$APPLICATION_HOME_DIR$/helpers/typeshed/third_party/2and3" type="simple" />
          </root>
        </classPath>
        <sourcePath>
          <root type="composite" />
        </sourcePath>
      </roots>
      <additional ASSOCIATED_PROJECT_PATH="$USER_HOME$/Work/interroute" />
    </jdk>
    <jdk version="2">
      <name value="Python 3.6 virtualenv at ~/Work/interroute/vdc-py3/env3" />
      <type value="Python SDK" />
      <version value="Python 3.6.4" />
      <homePath value="$USER_HOME$/Work/interroute/vdc-py3/env3/bin/python" />
      <roots>
        <classPath>
          <root type="composite">
            <root url="file:///usr/lib64/python3.6" type="simple" />
            <root url="file:///usr/lib64/python3.6/lib-dynload" type="simple" />
            <root url="file://$USER_HOME$/Work/interroute/vdc-py3/env3/lib64/python3.6/site-packages" type="simple" />
            <root url="file://$USER_HOME$/Work/interroute/vdc-py3/env3/lib/python3.6/site-packages" type="simple" />
            <root url="file://$USER_HOME$/.PyCharm2017.3/system/python_stubs/297484442" type="simple" />
            <root url="file://$APPLICATION_HOME_DIR$/helpers/python-skeletons" type="simple" />
            <root url="file://$APPLICATION_HOME_DIR$/helpers/typeshed/stdlib/3.6" type="simple" />
            <root url="file://$APPLICATION_HOME_DIR$/helpers/typeshed/stdlib/3.5" type="simple" />
            <root url="file://$APPLICATION_HOME_DIR$/helpers/typeshed/stdlib/3.4" type="simple" />
            <root url="file://$APPLICATION_HOME_DIR$/helpers/typeshed/stdlib/3.3" type="simple" />
            <root url="file://$APPLICATION_HOME_DIR$/helpers/typeshed/stdlib/3" type="simple" />
            <root url="file://$APPLICATION_HOME_DIR$/helpers/typeshed/stdlib/2and3" type="simple" />
            <root url="file://$APPLICATION_HOME_DIR$/helpers/typeshed/third_party/3" type="simple" />
            <root url="file://$APPLICATION_HOME_DIR$/helpers/typeshed/third_party/2and3" type="simple" />
          </root>
        </classPath>
        <sourcePath>
          <root type="composite" />
        </sourcePath>
      </roots>
      <additional ASSOCIATED_PROJECT_PATH="$USER_HOME$/Work/interroute/vdc-py3" />
    </jdk>
    <jdk version="2">
      <name value="Python 3.6 (ngin-mon)" />
      <type value="Python SDK" />
      <version value="Python 3.6.5" />
      <homePath value="$USER_HOME$/Work/ngin-mon/env/bin/python" />
      <roots>
        <classPath>
          <root type="composite">
            <root url="file:///usr/lib64/python3.6" type="simple" />
            <root url="file:///usr/lib64/python3.6/lib-dynload" type="simple" />
            <root url="file://$USER_HOME$/Work/ngin-mon/env/lib64/python3.6/site-packages" type="simple" />
            <root url="file://$USER_HOME$/Work/ngin-mon/env/lib/python3.6/site-packages" type="simple" />
            <root url="file://$USER_HOME$/.PyCharm2017.3/system/python_stubs/355033740" type="simple" />
            <root url="file://$APPLICATION_HOME_DIR$/helpers/python-skeletons" type="simple" />
            <root url="file://$APPLICATION_HOME_DIR$/helpers/typeshed/stdlib/3.6" type="simple" />
            <root url="file://$APPLICATION_HOME_DIR$/helpers/typeshed/stdlib/3.5" type="simple" />
            <root url="file://$APPLICATION_HOME_DIR$/helpers/typeshed/stdlib/3.4" type="simple" />
            <root url="file://$APPLICATION_HOME_DIR$/helpers/typeshed/stdlib/3.3" type="simple" />
            <root url="file://$APPLICATION_HOME_DIR$/helpers/typeshed/stdlib/3" type="simple" />
            <root url="file://$APPLICATION_HOME_DIR$/helpers/typeshed/stdlib/2and3" type="simple" />
            <root url="file://$APPLICATION_HOME_DIR$/helpers/typeshed/third_party/3" type="simple" />
            <root url="file://$APPLICATION_HOME_DIR$/helpers/typeshed/third_party/2and3" type="simple" />
          </root>
        </classPath>
        <sourcePath>
          <root type="composite" />
        </sourcePath>
      </roots>
      <additional ASSOCIATED_PROJECT_PATH="$USER_HOME$/Work/ngin-mon" />
    </jdk>
  </component>
</application>