<application>
  <component name="NodeJsLocalInterpreterManager">
    <local-interpreter path="/tmp/fnm_multishells/2592_1646121032962/bin/node" />
    <local-interpreter path="/tmp/fnm_multishells/9849_1646127099217/bin/node" />
    <local-interpreter path="/usr/bin/node">
      <version-cache version="22.3.0" last-modified="1715866476000" />
    </local-interpreter>
    <local-interpreter path="$USER_HOME$/.nvm/versions/node/v14.15.1/bin/node" />
    <local-interpreter path="$USER_HOME$/.nvm/versions/node/v10.22.1/bin/node" />
  </component>
</application>