<application>
  <component name="NodeJsLocalInterpreters">
    <local-interpreter path="/usr/bin/node" />
  </component>
  <component name="PyTestFrameworkService">
    <option name="SDK_TO_PYTEST">
      <map>
        <entry key="$USER_HOME$/Dropbox/packtbook/Code/Ch10/server/env/bin/python3" value="false" />
        <entry key="$USER_HOME$/Dropbox/packtbook/Code/Ch4/env/bin/python" value="false" />
        <entry key="$USER_HOME$/Dropbox/packtbook/Code/Ch9/server/env/bin/python3" value="false" />
        <entry key="$USER_HOME$/Work/Gorilla/env/bin/python" value="true" />
        <entry key="$USER_HOME$/Work/bb2/env/bin/python" value="true" />
        <entry key="$USER_HOME$/Work/flexpath/env/bin/python" value="true" />
        <entry key="$USER_HOME$/Work/ngin-mon/env/bin/python" value="false" />
        <entry key="/usr/bin/python3.6" value="false" />
      </map>
    </option>
    <option name="SDK_TO_NOSETEST">
      <map>
        <entry key="$USER_HOME$/Dropbox/packtbook/Code/Ch10/server/env/bin/python3" value="false" />
        <entry key="$USER_HOME$/Dropbox/packtbook/Code/Ch4/env/bin/python" value="false" />
        <entry key="$USER_HOME$/Dropbox/packtbook/Code/Ch9/server/env/bin/python3" value="false" />
        <entry key="$USER_HOME$/Work/Gorilla/env/bin/python" value="false" />
        <entry key="$USER_HOME$/Work/bb2/env/bin/python" value="false" />
        <entry key="$USER_HOME$/Work/ngin-mon/env/bin/python" value="false" />
        <entry key="/usr/bin/python3.6" value="false" />
      </map>
    </option>
    <option name="SDK_TO_TRIALTEST">
      <map>
        <entry key="$USER_HOME$/Dropbox/packtbook/Code/Ch10/server/env/bin/python3" value="false" />
        <entry key="$USER_HOME$/Dropbox/packtbook/Code/Ch4/env/bin/python" value="false" />
        <entry key="$USER_HOME$/Dropbox/packtbook/Code/Ch9/server/env/bin/python3" value="false" />
        <entry key="$USER_HOME$/Work/Analytics-Web/env/bin/python" value="false" />
        <entry key="$USER_HOME$/Work/ngin-mon/env/bin/python" value="false" />
        <entry key="/usr/bin/python3.6" value="false" />
      </map>
    </option>
  </component>
</application>