<application>
  <component name="VimSettings">
    <state version="4" enabled="true" />
    <globalmarks />
    <filemarks>
      <file name="$USER_HOME$/Work/flexpath/models/questions.py" timestamp="1534861176349">
        <mark key="[" line="15" column="32" />
        <mark key="]" line="21" column="18" />
        <mark key="." line="21" column="18" />
        <mark key="^" line="21" column="18" />
      </file>
      <file name="$USER_HOME$/Work/Gorilla/web/gorilla/templates/site_settings/cost_upload.html" timestamp="1544183908993">
        <mark key="'" line="8" column="8" />
        <mark key="[" line="8" column="66" />
        <mark key="]" line="8" column="66" />
        <mark key="^" line="7" column="96" />
        <mark key="." line="8" column="66" />
      </file>
      <file name="$USER_HOME$/Work/Gorilla/web/gorilla/static/js/initial_form.js" timestamp="1543422054696">
        <mark key="[" line="63" column="1" />
        <mark key="]" line="63" column="1" />
        <mark key="." line="63" column="1" />
        <mark key="^" line="63" column="1" />
      </file>
      <file name="$USER_HOME$/Work/Gorilla/web/site_settings/models.py" timestamp="1544179792537">
        <mark key="'" line="302" column="0" />
        <mark key="[" line="203" column="13" />
        <mark key="]" line="203" column="13" />
        <mark key="^" line="203" column="56" />
        <mark key="." line="203" column="13" />
      </file>
      <file name="$USER_HOME$/Work/Gorilla/helpers/google_analytics/google_upload.py" timestamp="1544111146117">
        <mark key="[" line="52" column="0" />
        <mark key="]" line="52" column="14" />
        <mark key="^" line="48" column="5" />
        <mark key="." line="52" column="14" />
      </file>
      <file name="$USER_HOME$/Work/flexpath/web/templates/admin/paths/manage_path.html" timestamp="1536243951266">
        <mark key="[" line="112" column="12" />
        <mark key="]" line="112" column="12" />
        <mark key="." line="112" column="12" />
        <mark key="^" line="102" column="68" />
      </file>
      <file name="$USER_HOME$/Work/flexpath/web/views/path_coreg/__init__.py" timestamp="1534242385521">
        <mark key="[" line="15" column="24" />
        <mark key="]" line="15" column="24" />
        <mark key="^" line="15" column="24" />
        <mark key="." line="15" column="24" />
      </file>
      <file name="$USER_HOME$/Work/Gorilla/docs/userguide.html" timestamp="1541160567047">
        <mark key="[" line="29" column="29" />
        <mark key="]" line="29" column="29" />
        <mark key="." line="29" column="29" />
      </file>
      <file name="$USER_HOME$/Work/Gorilla/web/gorilla/templates/base.html" timestamp="1541159660817">
        <mark key="[" line="51" column="8" />
        <mark key="]" line="34" column="53" />
        <mark key="." line="34" column="53" />
        <mark key="^" line="37" column="3" />
      </file>
      <file name="$USER_HOME$/Work/Gorilla/web/stats/blueprints.py" timestamp="1543489112500">
        <mark key="[" line="13" column="14" />
        <mark key="]" line="13" column="20" />
        <mark key="^" line="13" column="20" />
        <mark key="." line="13" column="20" />
      </file>
      <file name="$USER_HOME$/Work/flexpath/web/views/product/product.py" timestamp="1538576835765">
        <mark key="[" line="38" column="0" />
        <mark key="]" line="38" column="0" />
        <mark key="^" line="25" column="43" />
        <mark key="." line="38" column="0" />
      </file>
      <file name="$USER_HOME$/Work/flexpath/web/templates/admin/surveys/question_lists/manage_question_lists.html" timestamp="1539680942810">
        <mark key="[" line="5" column="50" />
        <mark key="]" line="5" column="50" />
        <mark key="^" line="2" column="0" />
        <mark key="." line="5" column="50" />
      </file>
      <file name="$USER_HOME$/Work/Gorilla/docs/userguide.md" timestamp="1543576736730">
        <mark key="'" line="153" column="31" />
        <mark key="[" line="207" column="0" />
        <mark key="]" line="207" column="0" />
        <mark key="^" line="153" column="31" />
        <mark key="." line="207" column="0" />
      </file>
      <file name="$USER_HOME$/Work/flexpath/models/survey_answers.py" timestamp="1538387828610">
        <mark key="[" line="13" column="27" />
        <mark key="]" line="13" column="27" />
        <mark key="^" line="30" column="3" />
        <mark key="." line="13" column="27" />
      </file>
      <file name="$USER_HOME$/Work/bb2/tests/endpoints/test_delete.py" timestamp="1536573140149">
        <mark key="[" line="3" column="24" />
        <mark key="]" line="2" column="0" />
        <mark key="^" line="61" column="95" />
        <mark key="." line="2" column="0" />
      </file>
      <file name="$USER_HOME$/Work/flexpath/web/templates/admin/cpl_offers/cpl_list.html" timestamp="1537876008008">
        <mark key="[" line="12" column="65" />
        <mark key="]" line="12" column="37" />
        <mark key="." line="12" column="37" />
        <mark key="^" line="12" column="32" />
      </file>
      <file name="$USER_HOME$/Work/flexpath/web/views/admin/cpl_offers/cpl_offers.py" timestamp="1537881664664">
        <mark key="[" line="8" column="0" />
        <mark key="]" line="8" column="0" />
        <mark key="." line="8" column="0" />
        <mark key="^" line="8" column="39" />
      </file>
      <file name="$USER_HOME$/Work/Gorilla/web/gorilla/templates/service/partials/site_pieces/bullets.html" timestamp="1537961421332">
        <mark key="[" line="4" column="74" />
        <mark key="]" line="4" column="78" />
        <mark key="^" line="4" column="78" />
        <mark key="." line="4" column="78" />
      </file>
      <file name="$USER_HOME$/Work/Gorilla/migrations/V4__remove_form_customisations.sql" timestamp="1543328358129">
        <mark key="[" line="10" column="61" />
        <mark key="]" line="10" column="61" />
        <mark key="^" line="10" column="61" />
        <mark key="." line="10" column="61" />
      </file>
      <file name="$USER_HOME$/Work/Gorilla/web/site_settings/blueprints.py" timestamp="1543488683803">
        <mark key="[" line="14" column="14" />
        <mark key="]" line="14" column="20" />
        <mark key="^" line="14" column="20" />
        <mark key="." line="14" column="20" />
      </file>
      <file name="$USER_HOME$/Work/Gorilla/web/gorilla/templates/campaigns/edit_campaign_form.html" timestamp="1543932834152">
        <mark key="[" line="36" column="18" />
        <mark key="]" line="65" column="8" />
        <mark key="." line="65" column="8" />
        <mark key="^" line="65" column="9" />
      </file>
      <file name="$USER_HOME$/Work/flexpath/web/middleware/__init__.py" timestamp="1538576935311">
        <mark key="[" line="0" column="41" />
        <mark key="]" line="0" column="55" />
        <mark key="^" line="0" column="55" />
        <mark key="." line="0" column="55" />
      </file>
      <file name="$USER_HOME$/Work/Gorilla/web/stats/routes.py" timestamp="1542109848144">
        <mark key="[" line="0" column="0" />
        <mark key="]" line="0" column="0" />
        <mark key="^" line="92" column="0" />
        <mark key="." line="0" column="0" />
      </file>
      <file name="$USER_HOME$/Work/Gorilla/configuration/configuration.py" timestamp="1537349324722">
        <mark key="[" line="59" column="12" />
        <mark key="]" line="59" column="12" />
        <mark key="^" line="58" column="3" />
        <mark key="." line="59" column="12" />
      </file>
      <file name="$USER_HOME$/Work/Gorilla/web/stats/helpers.py" timestamp="1537354942252">
        <mark key="[" line="36" column="16" />
        <mark key="]" line="36" column="16" />
        <mark key="^" line="27" column="32" />
        <mark key="." line="36" column="16" />
      </file>
      <file name="$USER_HOME$/Work/Gorilla/migrations/V5__add_form_background_colour.sql" timestamp="1543406897854">
        <mark key="[" line="1" column="72" />
        <mark key="]" line="1" column="147" />
        <mark key="^" line="1" column="70" />
        <mark key="." line="1" column="72" />
      </file>
      <file name="$USER_HOME$/Work/Gorilla/tests/site_settings/test_site_routes.py" timestamp="1543234630955">
        <mark key="'" line="158" column="44" />
        <mark key="[" line="155" column="0" />
        <mark key="]" line="155" column="0" />
        <mark key="^" line="204" column="37" />
        <mark key="." line="155" column="0" />
      </file>
      <file name="$USER_HOME$/Work/flexpath/tests/frontend/test_frontend_tiburon.py" timestamp="1534329142750">
        <mark key="[" line="40" column="52" />
        <mark key="]" line="40" column="52" />
        <mark key="^" line="40" column="34" />
        <mark key="." line="40" column="52" />
      </file>
      <file name="$USER_HOME$/Work/Gorilla/tests/site_settings/test_site_models.py" timestamp="1543234683899">
        <mark key="'" line="0" column="0" />
        <mark key="[" line="207" column="0" />
        <mark key="]" line="207" column="0" />
        <mark key="^" line="299" column="39" />
        <mark key="." line="207" column="0" />
      </file>
      <file name="$USER_HOME$/Work/Gorilla/tests/campaigns/test_campaign_models.py" timestamp="1540548065177">
        <mark key="[" line="59" column="34" />
        <mark key="]" line="59" column="34" />
        <mark key="." line="59" column="34" />
        <mark key="^" line="52" column="21" />
      </file>
      <file name="$USER_HOME$/Work/Gorilla/helpers/internal_emailer.py" timestamp="1542020785898">
        <mark key="[" line="23" column="33" />
        <mark key="]" line="23" column="34" />
        <mark key="." line="23" column="34" />
        <mark key="^" line="23" column="34" />
      </file>
      <file name="$USER_HOME$/Work/Gorilla/tests/campaigns/test_campaign_routes.py" timestamp="1541154303978">
        <mark key="[" line="154" column="48" />
        <mark key="]" line="154" column="15" />
        <mark key="^" line="154" column="15" />
        <mark key="." line="154" column="15" />
      </file>
      <file name="$USER_HOME$/Work/Gorilla/web/gorilla/templates/site_settings/partials/existingsite.html" timestamp="1544179531168">
        <mark key="[" line="21" column="9" />
        <mark key="]" line="22" column="13" />
        <mark key="." line="22" column="13" />
        <mark key="^" line="22" column="13" />
      </file>
      <file name="$USER_HOME$/Work/Gorilla/web/service/placeholder_css/offer_cards.pcss" timestamp="1542192285512">
        <mark key="'" line="473" column="5" />
        <mark key="[" line="91" column="17" />
        <mark key="]" line="469" column="25" />
        <mark key="^" line="469" column="25" />
        <mark key="." line="469" column="25" />
      </file>
      <file name="$USER_HOME$/Work/flexpath/web/templates/admin/surveys/components/question_form.html" timestamp="1539265940345">
        <mark key="[" line="52" column="0" />
        <mark key="]" line="52" column="39" />
        <mark key="." line="52" column="0" />
        <mark key="^" line="38" column="92" />
      </file>
      <file name="$USER_HOME$/Work/Gorilla/uwsgi.ini" timestamp="1542207420153">
        <mark key="[" line="13" column="10" />
        <mark key="]" line="13" column="11" />
        <mark key="." line="13" column="11" />
      </file>
      <file name="$USER_HOME$/Work/Gorilla/web/gorilla/static/less/stats.less" timestamp="1541000466823">
        <mark key="[" line="50" column="1" />
        <mark key="]" line="38" column="0" />
        <mark key="^" line="38" column="0" />
        <mark key="." line="38" column="0" />
      </file>
      <file name="$USER_HOME$/Work/flexpath/models/paths.py" timestamp="1538478870034">
        <mark key="[" line="23" column="53" />
        <mark key="]" line="24" column="7" />
        <mark key="." line="24" column="7" />
        <mark key="^" line="24" column="7" />
      </file>
      <file name="$USER_HOME$/Work/flexpath/web/app.py" timestamp="1538576939658">
        <mark key="[" line="56" column="37" />
        <mark key="]" line="59" column="36" />
        <mark key="^" line="59" column="36" />
        <mark key="." line="59" column="36" />
      </file>
      <file name="$USER_HOME$/Work/Gorilla/web/pixel/models.py" timestamp="1536844813789">
        <mark key="[" line="22" column="17" />
        <mark key="]" line="21" column="51" />
        <mark key="^" line="21" column="51" />
        <mark key="." line="21" column="51" />
      </file>
      <file name="$USER_HOME$/Work/Gorilla/web/gorilla/templates/service/initial_form.html" timestamp="1543419653755">
        <mark key="[" line="56" column="43" />
        <mark key="]" line="36" column="46" />
        <mark key="." line="36" column="46" />
        <mark key="^" line="36" column="46" />
      </file>
      <file name="$USER_HOME$/Work/Gorilla/web/gorilla/templates/client_offers/client_edit_form.html" timestamp="1540378831749">
        <mark key="[" line="25" column="0" />
        <mark key="]" line="25" column="0" />
        <mark key="^" line="122" column="28" />
        <mark key="." line="25" column="0" />
      </file>
      <file name="$USER_HOME$/Work/flexpath/web/templates/admin/surveys/survey_questions/manage_questions.html" timestamp="1539680969953">
        <mark key="[" line="47" column="81" />
        <mark key="]" line="43" column="48" />
        <mark key="^" line="43" column="48" />
        <mark key="." line="43" column="48" />
      </file>
      <file name="$USER_HOME$/Work/Gorilla/web/gorilla/templates/service/partials/required_fields/yesno.html" timestamp="1539072928193">
        <mark key="[" line="9" column="114" />
        <mark key="]" line="9" column="114" />
        <mark key="." line="9" column="114" />
        <mark key="^" line="10" column="4" />
      </file>
      <file name="$USER_HOME$/Work/Gorilla/ansible/roles/deploy/tasks/main.yaml" timestamp="1541421430445">
        <mark key="[" line="83" column="13" />
        <mark key="]" line="83" column="13" />
        <mark key="^" line="89" column="0" />
        <mark key="." line="83" column="13" />
      </file>
      <file name="$USER_HOME$/Work/Gorilla/web/service/helpers.py" timestamp="1544173513100">
        <mark key="'" line="328" column="17" />
        <mark key="[" line="376" column="18" />
        <mark key="]" line="376" column="18" />
        <mark key="^" line="375" column="84" />
        <mark key="." line="376" column="18" />
      </file>
      <file name="$USER_HOME$/Work/flexpath/web/views/surveys/__init__.py" timestamp="1539249984622">
        <mark key="[" line="18" column="0" />
        <mark key="]" line="12" column="7" />
        <mark key="^" line="12" column="7" />
        <mark key="." line="12" column="7" />
      </file>
      <file name="$USER_HOME$/Work/Gorilla/migrations/V7__adding_csv_uploads_fields.sql" timestamp="1544177708803">
        <mark key="[" line="1" column="41" />
        <mark key="]" line="1" column="45" />
        <mark key="^" line="1" column="45" />
        <mark key="." line="1" column="45" />
      </file>
      <file name="$USER_HOME$/Work/flexpath/web/views/admin/paths/paths.py" timestamp="1534512005829">
        <mark key="[" line="312" column="29" />
        <mark key="]" line="315" column="61" />
        <mark key="." line="315" column="61" />
        <mark key="^" line="315" column="61" />
      </file>
      <file name="$USER_HOME$/Work/Gorilla/run.py" timestamp="1543321984653">
        <mark key="[" line="15" column="72" />
        <mark key="]" line="4" column="108" />
        <mark key="." line="4" column="108" />
        <mark key="^" line="4" column="108" />
      </file>
      <file name="$USER_HOME$/Work/flexpath/web/stamp.py" timestamp="1542970706696">
        <mark key="[" line="40" column="16" />
        <mark key="]" line="6" column="0" />
        <mark key="^" line="6" column="0" />
        <mark key="." line="6" column="0" />
      </file>
      <file name="$USER_HOME$/Work/flexpath/tests/frontend/test_frontend_cpl_offer_wall.py" timestamp="1534343213859">
        <mark key="[" line="49" column="34" />
        <mark key="]" line="22" column="18" />
        <mark key="^" line="22" column="18" />
        <mark key="." line="22" column="18" />
      </file>
      <file name="$USER_HOME$/Work/Gorilla/web/gorilla/static/less/client_offers/index.less" timestamp="1536750241182">
        <mark key="[" line="85" column="0" />
        <mark key="]" line="85" column="0" />
        <mark key="^" line="61" column="1" />
        <mark key="." line="85" column="0" />
      </file>
      <file name="$USER_HOME$/Work/flexpath/web/templates/admin/paths/manage_path_element_ban.html" timestamp="1534511941736">
        <mark key="[" line="5" column="59" />
        <mark key="]" line="18" column="113" />
        <mark key="." line="18" column="113" />
        <mark key="^" line="18" column="113" />
      </file>
      <file name="$USER_HOME$/Work/flexpath/models/survey_questions.py" timestamp="1539770597665">
        <mark key="[" line="86" column="31" />
        <mark key="]" line="39" column="28" />
        <mark key="^" line="23" column="3" />
        <mark key="." line="39" column="28" />
      </file>
      <file name="$USER_HOME$/Work/Gorilla/web/service/routes.py" timestamp="1543837650124">
        <mark key="'" line="120" column="0" />
        <mark key="[" line="179" column="38" />
        <mark key="]" line="134" column="64" />
        <mark key="." line="134" column="64" />
        <mark key="^" line="134" column="64" />
      </file>
      <file name="$USER_HOME$/Work/flexpath/web/templates/surveys/index.html" timestamp="1539074431633">
        <mark key="[" line="29" column="18" />
        <mark key="]" line="17" column="12" />
        <mark key="^" line="17" column="16" />
        <mark key="." line="17" column="12" />
      </file>
      <file name="$USER_HOME$/Work/Gorilla/gunicorn-settings.py" timestamp="1543921505539">
        <mark key="[" line="2" column="0" />
        <mark key="]" line="2" column="0" />
        <mark key="." line="2" column="0" />
      </file>
      <file name="$USER_HOME$/Work/Gorilla/web/gorilla/templates/service/client_required_fields.html" timestamp="1543490822116">
        <mark key="[" line="8" column="58" />
        <mark key="]" line="17" column="91" />
        <mark key="^" line="17" column="91" />
        <mark key="." line="17" column="91" />
      </file>
      <file name="$USER_HOME$/Work/Gorilla/tests/helpers.py" timestamp="1544179758498">
        <mark key="'" line="104" column="29" />
        <mark key="[" line="78" column="25" />
        <mark key="]" line="111" column="52" />
        <mark key="^" line="111" column="52" />
        <mark key="." line="111" column="52" />
      </file>
      <file name="$USER_HOME$/Work/flexpath/models/audit_log.py" timestamp="1538473455966">
        <mark key="[" line="103" column="17" />
        <mark key="]" line="102" column="46" />
        <mark key="^" line="101" column="53" />
        <mark key="." line="102" column="21" />
      </file>
      <file name="$USER_HOME$/Work/flexpath/tests/models/test_survey_entries.py" timestamp="1539161906352">
        <mark key="[" line="23" column="69" />
        <mark key="]" line="26" column="0" />
        <mark key="^" line="20" column="33" />
        <mark key="." line="26" column="0" />
      </file>
      <file name="$USER_HOME$/Work/Gorilla/web/client_offers/blueprints.py" timestamp="1543489123625">
        <mark key="[" line="14" column="14" />
        <mark key="]" line="14" column="20" />
        <mark key="^" line="14" column="20" />
        <mark key="." line="14" column="20" />
      </file>
      <file name="$USER_HOME$/Work/flexpath/models/survey_entries.py" timestamp="1539768556856">
        <mark key="[" line="15" column="46" />
        <mark key="]" line="44" column="35" />
        <mark key="^" line="44" column="35" />
        <mark key="." line="44" column="35" />
      </file>
      <file name="$USER_HOME$/Work/flexpath/models/surveys.py" timestamp="1539769789024">
        <mark key="[" line="21" column="37" />
        <mark key="]" line="35" column="0" />
        <mark key="^" line="31" column="28" />
        <mark key="." line="35" column="0" />
      </file>
      <file name="$USER_HOME$/Work/flexpath/web/views/admin/surveys/forms.py" timestamp="1539091442101">
        <mark key="[" line="45" column="8" />
        <mark key="]" line="45" column="8" />
        <mark key="." line="45" column="8" />
        <mark key="^" line="23" column="0" />
      </file>
      <file name="$USER_HOME$/Work/flexpath/web/views/path_elements/path_cpl_offer_wall/path_cpl_offer_wall.py" timestamp="1537874948354">
        <mark key="[" line="25" column="51" />
        <mark key="]" line="25" column="51" />
        <mark key="." line="25" column="51" />
        <mark key="^" line="23" column="40" />
      </file>
      <file name="$USER_HOME$/Work/Gorilla/tests/stats/test_stats_routes.py" timestamp="1536745423096">
        <mark key="[" line="56" column="23" />
        <mark key="]" line="58" column="70" />
        <mark key="^" line="58" column="70" />
        <mark key="." line="58" column="70" />
      </file>
      <file name="$USER_HOME$/Work/Gorilla/web/gorilla/templates/client_offers/questions-index.html" timestamp="1540382134640">
        <mark key="[" line="15" column="55" />
        <mark key="]" line="15" column="55" />
        <mark key="." line="15" column="55" />
        <mark key="^" line="48" column="79" />
      </file>
      <file name="$USER_HOME$/Work/Gorilla/web/gorilla/templates/userguide_base.html" timestamp="1541159903127">
        <mark key="[" line="2" column="15" />
        <mark key="]" line="2" column="15" />
        <mark key="." line="2" column="15" />
      </file>
      <file name="$USER_HOME$/Work/Gorilla/web/gorilla/static/js/external/pikday.js" timestamp="1543419613455">
        <mark key="'" line="0" column="0" />
        <mark key="[" line="277" column="26" />
        <mark key="]" line="277" column="31" />
        <mark key="." line="277" column="31" />
        <mark key="^" line="277" column="31" />
      </file>
      <file name="$USER_HOME$/Work/Gorilla/web/campaigns/models.py" timestamp="1543934814611">
        <mark key="'" line="184" column="12" />
      </file>
      <file name="$USER_HOME$/Work/Gorilla/web/gorilla/templates/service/offer_cards_compact.html" timestamp="1543837436198">
        <mark key="[" line="51" column="40" />
        <mark key="]" line="133" column="12" />
        <mark key="." line="133" column="12" />
        <mark key="^" line="133" column="13" />
      </file>
      <file name="$USER_HOME$/Work/flexpath/web/views/path_coreg/path_coreg.py" timestamp="1534242509452">
        <mark key="[" line="32" column="71" />
        <mark key="]" line="33" column="3" />
        <mark key="^" line="33" column="3" />
        <mark key="." line="33" column="3" />
      </file>
      <file name="$USER_HOME$/Work/Gorilla/helpers/cake/cake.py" timestamp="1544007451987">
        <mark key="'" line="151" column="12" />
        <mark key="[" line="68" column="78" />
        <mark key="]" line="68" column="78" />
        <mark key="." line="68" column="78" />
        <mark key="^" line="68" column="78" />
      </file>
      <file name="$USER_HOME$/Work/flexpath/tests/admin/test_admin_paths.py" timestamp="1538479561063">
        <mark key="[" line="6" column="36" />
        <mark key="]" line="453" column="32" />
        <mark key="^" line="453" column="32" />
        <mark key="." line="453" column="32" />
      </file>
      <file name="$USER_HOME$/Work/Gorilla/web/client_offers/models.py" timestamp="1544173471727">
        <mark key="[" line="64" column="0" />
        <mark key="]" line="64" column="0" />
        <mark key="." line="64" column="0" />
      </file>
      <file name="$USER_HOME$/Work/flexpath/web/views/homepage/homepage.py" timestamp="1540806389188">
        <mark key="[" line="5" column="0" />
        <mark key="]" line="5" column="0" />
        <mark key="." line="5" column="0" />
        <mark key="^" line="3" column="34" />
      </file>
      <file name="$USER_HOME$/Work/Gorilla/web/gorilla/templates/campaigns/batch_insert.html" timestamp="1541155334236">
        <mark key="'" line="44" column="20" />
        <mark key="[" line="48" column="35" />
        <mark key="]" line="48" column="35" />
        <mark key="." line="48" column="35" />
        <mark key="^" line="68" column="15" />
      </file>
      <file name="$USER_HOME$/Work/Gorilla/web/gorilla/routes.py" timestamp="1543577438945">
        <mark key="[" line="60" column="7" />
        <mark key="]" line="25" column="0" />
        <mark key="^" line="25" column="0" />
        <mark key="." line="25" column="0" />
      </file>
      <file name="$USER_HOME$/Work/flexpath/web/templates/admin/cpl_offers/manage_cpl_offer.html" timestamp="1534257163324">
        <mark key="[" line="19" column="44" />
        <mark key="]" line="19" column="136" />
        <mark key="." line="19" column="136" />
        <mark key="^" line="19" column="136" />
      </file>
      <file name="$USER_HOME$/Work/Gorilla/tests/client_offers/test_client_offer_models.py" timestamp="1544173529887">
        <mark key="'" line="119" column="68" />
        <mark key="[" line="94" column="0" />
        <mark key="]" line="94" column="0" />
        <mark key="." line="94" column="0" />
      </file>
      <file name="$USER_HOME$/Work/flexpath/tests/admin/test_admin_cpl_offers.py" timestamp="1537880845948">
        <mark key="[" line="46" column="24" />
        <mark key="]" line="132" column="37" />
        <mark key="^" line="132" column="37" />
        <mark key="." line="132" column="37" />
      </file>
      <file name="$USER_HOME$/Work/flexpath/web/templates/admin/paths/manage_path_element.html" timestamp="1534256089431">
        <mark key="[" line="5" column="61" />
        <mark key="]" line="5" column="61" />
        <mark key="." line="5" column="61" />
        <mark key="^" line="5" column="61" />
      </file>
      <file name="$USER_HOME$/Work/Gorilla/helpers/google_analytics/constants.py" timestamp="1544106681374">
        <mark key="[" line="0" column="48" />
        <mark key="]" line="0" column="46" />
        <mark key="^" line="0" column="46" />
        <mark key="." line="0" column="46" />
      </file>
      <file name="$USER_HOME$/Work/Gorilla/helpers/google_analytics/helloAnalytics.py" timestamp="1544106391639">
        <mark key="'" line="31" column="9" />
        <mark key="[" line="0" column="0" />
        <mark key="]" line="42" column="35" />
        <mark key="." line="42" column="35" />
        <mark key="^" line="42" column="35" />
      </file>
      <file name="$USER_HOME$/Work/Gorilla/helpers/diva.py" timestamp="1542188385211">
        <mark key="[" line="19" column="8" />
        <mark key="]" line="19" column="8" />
        <mark key="." line="19" column="8" />
      </file>
      <file name="$USER_HOME$/Work/Gorilla/tests/client_offers/test_client_offer_routes.py" timestamp="1536662015857">
        <mark key="[" line="1" column="60" />
        <mark key="]" line="11" column="26" />
        <mark key="^" line="11" column="26" />
        <mark key="." line="11" column="26" />
      </file>
      <file name="$USER_HOME$/Work/Gorilla/web/campaigns/blueprints.py" timestamp="1543489101659">
        <mark key="[" line="14" column="14" />
        <mark key="]" line="14" column="20" />
        <mark key="^" line="14" column="20" />
        <mark key="." line="14" column="20" />
      </file>
      <file name="$USER_HOME$/Work/Gorilla/web/site_settings/routes.py" timestamp="1544179616599">
        <mark key="'" line="145" column="34" />
        <mark key="[" line="157" column="38" />
        <mark key="]" line="157" column="48" />
        <mark key="." line="157" column="38" />
        <mark key="^" line="157" column="36" />
      </file>
      <file name="$USER_HOME$/Work/Gorilla/helpers/google_analytics/measurement_protocol.py" timestamp="1539597995994">
        <mark key="[" line="114" column="48" />
        <mark key="]" line="67" column="45" />
        <mark key="^" line="67" column="46" />
        <mark key="." line="67" column="45" />
      </file>
      <file name="$USER_HOME$/Work/Gorilla/web/gorilla/__init__.py" timestamp="1543490029624">
        <mark key="[" line="23" column="18" />
        <mark key="]" line="23" column="18" />
        <mark key="^" line="23" column="27" />
        <mark key="." line="23" column="18" />
      </file>
      <file name="$USER_HOME$/Work/flexpath/web/middleware/paths.py" timestamp="1539596752301">
        <mark key="[" line="23" column="35" />
        <mark key="]" line="8" column="18" />
        <mark key="^" line="36" column="56" />
        <mark key="." line="8" column="18" />
      </file>
      <file name="$USER_HOME$/Work/Gorilla/web/campaigns/routes.py" timestamp="1543933210589">
        <mark key="'" line="303" column="19" />
        <mark key="[" line="35" column="54" />
        <mark key="]" line="233" column="0" />
        <mark key="." line="233" column="0" />
        <mark key="^" line="173" column="49" />
      </file>
      <file name="$USER_HOME$/Work/flexpath/tests/frontend/test_path_intermediary.py" timestamp="1538577678725">
        <mark key="[" line="71" column="0" />
        <mark key="]" line="71" column="30" />
        <mark key="^" line="44" column="29" />
        <mark key="." line="71" column="0" />
      </file>
      <file name="$USER_HOME$/Work/flexpath/web/templates/admin/surveys/surveys/manage_surveys.html" timestamp="1539680785499">
        <mark key="[" line="5" column="8" />
        <mark key="]" line="5" column="8" />
        <mark key="^" line="2" column="3" />
        <mark key="." line="5" column="8" />
      </file>
      <file name="$USER_HOME$/Work/flexpath/tests/models/test_cpl_offers.py" timestamp="1537880775915">
        <mark key="[" line="28" column="25" />
        <mark key="]" line="106" column="0" />
        <mark key="." line="106" column="0" />
        <mark key="^" line="110" column="92" />
      </file>
      <file name="$USER_HOME$/Work/Gorilla/web/gorilla/static/less/edit-form.less" timestamp="1543333965559">
        <mark key="[" line="155" column="0" />
        <mark key="]" line="155" column="21" />
        <mark key="^" line="155" column="21" />
        <mark key="." line="155" column="21" />
      </file>
      <file name="$USER_HOME$/Work/flexpath/web/templates/admin/products/components/product_form.html" timestamp="1538471219357">
        <mark key="[" line="124" column="67" />
        <mark key="]" line="124" column="67" />
        <mark key="." line="124" column="67" />
        <mark key="^" line="124" column="65" />
      </file>
      <file name="$USER_HOME$/Work/flexpath/web/views/path_cpl_offer_wall/path_cpl_offer_wall.py" timestamp="1534244519494">
        <mark key="[" line="17" column="4" />
        <mark key="]" line="17" column="4" />
        <mark key="^" line="30" column="28" />
        <mark key="." line="17" column="4" />
      </file>
      <file name="$USER_HOME$/Work/Gorilla/web/gorilla/templates/campaigns/edit_campaign_ban_form.html" timestamp="1541072791627">
        <mark key="'" line="39" column="12" />
        <mark key="[" line="2" column="0" />
        <mark key="]" line="2" column="88" />
        <mark key="^" line="27" column="24" />
        <mark key="." line="27" column="93" />
      </file>
      <file name="$USER_HOME$/Work/Gorilla/web/gorilla/templates/site_settings/site_edit_form.html" timestamp="1544183769207">
        <mark key="[" line="47" column="46" />
        <mark key="]" line="48" column="73" />
        <mark key="^" line="48" column="73" />
        <mark key="." line="48" column="73" />
      </file>
      <file name="$USER_HOME$/Work/Gorilla/tests/web_helpers/test_helpers.py" timestamp="1544173587147">
        <mark key="'" line="134" column="61" />
        <mark key="[" line="162" column="36" />
        <mark key="]" line="512" column="0" />
        <mark key="." line="512" column="0" />
        <mark key="^" line="512" column="0" />
      </file>
      <file name="$USER_HOME$/Work/Gorilla/migrations/V1__initial_creation.sql" timestamp="1542798170084">
        <mark key="[" line="23" column="0" />
        <mark key="]" line="23" column="0" />
        <mark key="." line="23" column="0" />
      </file>
      <file name="/Dummy.txt" timestamp="1544009581385">
        <mark key="[" line="0" column="0" />
        <mark key="]" line="0" column="2" />
        <mark key="^" line="0" column="5" />
        <mark key="." line="0" column="2" />
      </file>
      <file name="$USER_HOME$/Work/flexpath/web/templates/admin/surveys/survey_questions/question_list.html" timestamp="1539771849180">
        <mark key="[" line="10" column="38" />
        <mark key="]" line="10" column="14" />
        <mark key="^" line="10" column="14" />
        <mark key="." line="10" column="14" />
      </file>
      <file name="$USER_HOME$/Work/flexpath/web/templates/admin/surveys/answers/answer_list.html" timestamp="1538660962535">
        <mark key="[" line="4" column="100" />
        <mark key="]" line="7" column="22" />
        <mark key="." line="7" column="22" />
        <mark key="^" line="7" column="23" />
      </file>
      <file name="$USER_HOME$/Work/Gorilla/web/campaigns/__init__.py" timestamp="1540213919577">
        <mark key="[" line="0" column="0" />
        <mark key="]" line="0" column="23" />
        <mark key="^" line="0" column="23" />
        <mark key="." line="0" column="23" />
      </file>
      <file name="$USER_HOME$/Work/Gorilla/web/gorilla/templates/stats/stats_index.html" timestamp="1543322440231">
        <mark key="[" line="135" column="30" />
        <mark key="]" line="174" column="34" />
        <mark key="." line="174" column="34" />
        <mark key="^" line="174" column="53" />
      </file>
      <file name="$USER_HOME$/Work/Gorilla/web/service/placeholder_css/initial_form.pcss" timestamp="1543575940671">
        <mark key="'" line="14" column="17" />
        <mark key="[" line="167" column="0" />
        <mark key="]" line="167" column="0" />
        <mark key="^" line="145" column="15" />
        <mark key="." line="167" column="0" />
      </file>
      <file name="$USER_HOME$/Work/Gorilla/web/gorilla/templates/site_settings/form_edit_form.html" timestamp="1543405982341">
        <mark key="[" line="23" column="38" />
        <mark key="]" line="23" column="37" />
        <mark key="." line="23" column="37" />
        <mark key="^" line="23" column="37" />
      </file>
      <file name="$USER_HOME$/Work/Gorilla/web/service/placeholder_css/partials/layout_vertical.pcss" timestamp="1542886605825">
        <mark key="[" line="0" column="0" />
        <mark key="]" line="0" column="0" />
        <mark key="." line="0" column="0" />
      </file>
      <file name="$USER_HOME$/Work/Gorilla/web/gorilla/templates/campaigns/campaign_bans_index.html" timestamp="1541072595658">
        <mark key="[" line="2" column="0" />
        <mark key="]" line="2" column="0" />
        <mark key="." line="2" column="0" />
      </file>
      <file name="$USER_HOME$/Work/Gorilla/helpers/Stamp/stamp.py" timestamp="1543490508846">
        <mark key="[" line="56" column="57" />
        <mark key="]" line="56" column="57" />
        <mark key="^" line="56" column="57" />
        <mark key="." line="56" column="57" />
      </file>
      <file name="$USER_HOME$/Work/flexpath/web/templates/admin/surveys/question_lists/questionlist_list.html" timestamp="1538558616425">
        <mark key="[" line="8" column="96" />
        <mark key="]" line="8" column="97" />
        <mark key="^" line="8" column="97" />
        <mark key="." line="8" column="97" />
      </file>
      <file name="$USER_HOME$/Work/bb2/blackbox/routes.py" timestamp="1535104190384">
        <mark key="[" line="444" column="0" />
        <mark key="]" line="444" column="0" />
        <mark key="." line="444" column="0" />
        <mark key="^" line="76" column="47" />
      </file>
      <file name="$USER_HOME$/Work/flexpath/models/survey_question_answers.py" timestamp="1539768948804">
        <mark key="[" line="20" column="23" />
        <mark key="]" line="79" column="56" />
        <mark key="^" line="79" column="56" />
        <mark key="." line="79" column="56" />
      </file>
    </filemarks>
    <jumps>
      <jump line="201" column="8" filename="$USER_HOME$/Work/Gorilla/web/service/helpers.py" />
      <jump line="228" column="53" filename="$USER_HOME$/Work/Gorilla/web/service/helpers.py" />
      <jump line="248" column="55" filename="$USER_HOME$/Work/Gorilla/web/service/helpers.py" />
      <jump line="79" column="42" filename="$USER_HOME$/Work/Gorilla/web/service/routes.py" />
      <jump line="450" column="3" filename="$USER_HOME$/Work/Gorilla/web/service/helpers.py" />
      <jump line="0" column="0" filename="$USER_HOME$/Work/Gorilla/web/service/placeholder_css/offer_cards.pcss" />
      <jump line="45" column="7" filename="$USER_HOME$/Work/Gorilla/helpers/cake/cake.py" />
      <jump line="415" column="0" filename="$USER_HOME$/Work/Gorilla/helpers/cake/cake.py" />
      <jump line="117" column="11" filename="$USER_HOME$/Work/Gorilla/web/stats/routes.py" />
      <jump line="118" column="12" filename="$USER_HOME$/Work/Gorilla/web/stats/routes.py" />
      <jump line="134" column="12" filename="$USER_HOME$/Work/Gorilla/helpers/cake/cake.py" />
      <jump line="141" column="12" filename="$USER_HOME$/Work/Gorilla/helpers/cake/cake.py" />
      <jump line="16" column="8" filename="$USER_HOME$/Work/Gorilla/web/gorilla/static/js/offer_cards.js" />
      <jump line="202" column="1" filename="$USER_HOME$/Work/Gorilla/web/service/placeholder_css/offer_cards.pcss" />
      <jump line="466" column="4" filename="$USER_HOME$/Work/Gorilla/web/service/placeholder_css/offer_cards.pcss" />
      <jump line="469" column="20" filename="$USER_HOME$/Work/Gorilla/web/service/placeholder_css/offer_cards.pcss" />
      <jump line="80" column="1" filename="$USER_HOME$/Work/Gorilla/web/service/placeholder_css/offer_cards.pcss" />
      <jump line="94" column="1" filename="$USER_HOME$/Work/Gorilla/web/service/placeholder_css/offer_cards.pcss" />
      <jump line="98" column="1" filename="$USER_HOME$/Work/Gorilla/web/service/placeholder_css/offer_cards.pcss" />
      <jump line="468" column="23" filename="$USER_HOME$/Work/Gorilla/web/service/placeholder_css/offer_cards.pcss" />
      <jump line="467" column="25" filename="$USER_HOME$/Work/Gorilla/web/service/placeholder_css/offer_cards.pcss" />
      <jump line="471" column="5" filename="$USER_HOME$/Work/Gorilla/web/service/placeholder_css/offer_cards.pcss" />
      <jump line="127" column="0" filename="$USER_HOME$/Work/Gorilla/web/service/routes.py" />
      <jump line="587" column="0" filename="$USER_HOME$/Work/Gorilla/tests/web_helpers/test_helpers.py" />
      <jump line="142" column="44" filename="$USER_HOME$/Work/Gorilla/web/service/helpers.py" />
      <jump line="364" column="20" filename="$USER_HOME$/Work/Gorilla/web/service/helpers.py" />
      <jump line="0" column="0" filename="$USER_HOME$/Work/Gorilla/tests/site_settings/test_site_routes.py" />
      <jump line="130" column="0" filename="$USER_HOME$/Work/Gorilla/tests/service/test_service_routes.py" />
      <jump line="308" column="4" filename="$USER_HOME$/Work/flexpath/tests/helpers.py" />
      <jump line="130" column="0" filename="$USER_HOME$/Work/Gorilla/web/service/routes.py" />
      <jump line="0" column="0" filename="$USER_HOME$/Work/Gorilla/web/gorilla/templates/service/partials/initial_form_pieces/date_of_birth_dropdowns.html" />
      <jump line="39" column="24" filename="$USER_HOME$/Work/Gorilla/web/service/placeholder_css/initial_form.pcss" />
      <jump line="57" column="15" filename="$USER_HOME$/Work/Gorilla/web/service/placeholder_css/initial_form.pcss" />
      <jump line="0" column="0" filename="$USER_HOME$/Work/Gorilla/web/service/placeholder_css/initial_form.pcss" />
      <jump line="136" column="0" filename="$USER_HOME$/Work/Gorilla/web/service/placeholder_css/initial_form.pcss" />
      <jump line="96" column="40" filename="$USER_HOME$/Work/Gorilla/web/service/placeholder_css/initial_form.pcss" />
      <jump line="291" column="8" filename="$USER_HOME$/Work/Gorilla/web/site_settings/models.py" />
      <jump line="292" column="8" filename="$USER_HOME$/Work/Gorilla/web/site_settings/models.py" />
      <jump line="63" column="0" filename="$USER_HOME$/Work/Gorilla/web/service/helpers.py" />
      <jump line="116" column="37" filename="$USER_HOME$/Work/Gorilla/tests/site_settings/test_site_routes.py" />
      <jump line="164" column="11" filename="$USER_HOME$/Work/Gorilla/tests/site_settings/test_site_routes.py" />
      <jump line="158" column="44" filename="$USER_HOME$/Work/Gorilla/tests/site_settings/test_site_routes.py" />
      <jump line="145" column="34" filename="$USER_HOME$/Work/Gorilla/web/site_settings/routes.py" />
      <jump line="0" column="0" filename="$USER_HOME$/Work/Gorilla/tests/site_settings/test_site_models.py" />
      <jump line="12" column="4" filename="$USER_HOME$/Work/Gorilla/tests/service/test_service_routes.py" />
      <jump line="25" column="16" filename="$USER_HOME$/Work/Gorilla/web/service/placeholder_css/initial_form.pcss" />
      <jump line="103" column="13" filename="$USER_HOME$/Work/Gorilla/web/service/placeholder_css/initial_form.pcss" />
      <jump line="122" column="16" filename="$USER_HOME$/Work/Gorilla/web/service/placeholder_css/initial_form.pcss" />
      <jump line="94" column="0" filename="$USER_HOME$/Work/Gorilla/web/service/helpers.py" />
      <jump line="442" column="8" filename="$USER_HOME$/Work/Gorilla/web/service/helpers.py" />
      <jump line="339" column="6" filename="$USER_HOME$/Work/Gorilla/web/service/helpers.py" />
      <jump line="3" column="28" filename="$USER_HOME$/Work/Gorilla/docs/userguide.md" />
      <jump line="384" column="0" filename="$USER_HOME$/Work/Gorilla/docs/userguide.md" />
      <jump line="385" column="23" filename="$USER_HOME$/Work/Gorilla/docs/userguide.md" />
      <jump line="390" column="119" filename="$USER_HOME$/Work/Gorilla/docs/userguide.md" />
      <jump line="391" column="30" filename="$USER_HOME$/Work/Gorilla/docs/userguide.md" />
      <jump line="393" column="42" filename="$USER_HOME$/Work/Gorilla/docs/userguide.md" />
      <jump line="396" column="5" filename="$USER_HOME$/Work/Gorilla/docs/userguide.md" />
      <jump line="270" column="60" filename="$USER_HOME$/Work/Gorilla/web/site_settings/models.py" />
      <jump line="267" column="0" filename="$USER_HOME$/Work/Gorilla/web/site_settings/models.py" />
      <jump line="290" column="0" filename="$USER_HOME$/Work/Gorilla/web/site_settings/models.py" />
      <jump line="130" column="39" filename="$USER_HOME$/Work/Gorilla/web/service/placeholder_css/initial_form.pcss" />
      <jump line="137" column="0" filename="$USER_HOME$/Work/Gorilla/web/service/placeholder_css/initial_form.pcss" />
      <jump line="140" column="4" filename="$USER_HOME$/Work/Gorilla/web/service/placeholder_css/initial_form.pcss" />
      <jump line="41" column="4" filename="$USER_HOME$/Work/Gorilla/web/service/placeholder_css/initial_form.pcss" />
      <jump line="55" column="4" filename="$USER_HOME$/Work/Gorilla/web/service/placeholder_css/initial_form.pcss" />
      <jump line="69" column="4" filename="$USER_HOME$/Work/Gorilla/web/service/placeholder_css/initial_form.pcss" />
      <jump line="107" column="8" filename="$USER_HOME$/Work/Gorilla/web/service/helpers.py" />
      <jump line="21" column="35" filename="$USER_HOME$/Work/Gorilla/web/service/placeholder_css/initial_form.pcss" />
      <jump line="14" column="17" filename="$USER_HOME$/Work/Gorilla/web/service/placeholder_css/initial_form.pcss" />
      <jump line="0" column="0" filename="$USER_HOME$/Work/Gorilla/web/gorilla/static/js/external/pikday.js" />
      <jump line="153" column="31" filename="$USER_HOME$/Work/Gorilla/docs/userguide.md" />
      <jump line="102" column="29" filename="$USER_HOME$/Work/Gorilla/tests/helpers.py" />
      <jump line="0" column="0" filename="$USER_HOME$/Work/Gorilla/tests/web_helpers/test_helpers.py" />
      <jump line="203" column="69" filename="$USER_HOME$/Work/Gorilla/web/service/helpers.py" />
      <jump line="98" column="10" filename="$USER_HOME$/Work/Gorilla/helpers/google_analytics/helloAnalytics.py" />
      <jump line="0" column="0" filename="$USER_HOME$/Work/Gorilla/helpers/google_analytics/helloAnalytics.py" />
      <jump line="42" column="35" filename="$USER_HOME$/Work/Gorilla/helpers/google_analytics/helloAnalytics.py" />
      <jump line="49" column="14" filename="$USER_HOME$/Work/Gorilla/helpers/google_analytics/helloAnalytics.py" />
      <jump line="31" column="9" filename="$USER_HOME$/Work/Gorilla/helpers/google_analytics/helloAnalytics.py" />
      <jump line="480" column="40" filename="$USER_HOME$/Work/Gorilla/web/service/helpers.py" />
      <jump line="428" column="16" filename="$USER_HOME$/Work/Gorilla/web/service/helpers.py" />
      <jump line="301" column="11" filename="$USER_HOME$/Work/Gorilla/web/service/helpers.py" />
      <jump line="320" column="71" filename="$USER_HOME$/Work/Gorilla/web/service/helpers.py" />
      <jump line="328" column="17" filename="$USER_HOME$/Work/Gorilla/web/service/helpers.py" />
      <jump line="510" column="0" filename="$USER_HOME$/Work/Gorilla/tests/web_helpers/test_helpers.py" />
      <jump line="547" column="13" filename="$USER_HOME$/Work/Gorilla/tests/web_helpers/test_helpers.py" />
      <jump line="558" column="11" filename="$USER_HOME$/Work/Gorilla/tests/web_helpers/test_helpers.py" />
      <jump line="92" column="22" filename="$USER_HOME$/Work/Gorilla/tests/web_helpers/test_helpers.py" />
      <jump line="93" column="28" filename="$USER_HOME$/Work/Gorilla/tests/web_helpers/test_helpers.py" />
      <jump line="98" column="42" filename="$USER_HOME$/Work/Gorilla/tests/web_helpers/test_helpers.py" />
      <jump line="104" column="35" filename="$USER_HOME$/Work/Gorilla/tests/web_helpers/test_helpers.py" />
      <jump line="106" column="6" filename="$USER_HOME$/Work/Gorilla/tests/web_helpers/test_helpers.py" />
      <jump line="112" column="61" filename="$USER_HOME$/Work/Gorilla/tests/web_helpers/test_helpers.py" />
      <jump line="118" column="35" filename="$USER_HOME$/Work/Gorilla/tests/web_helpers/test_helpers.py" />
      <jump line="120" column="6" filename="$USER_HOME$/Work/Gorilla/tests/web_helpers/test_helpers.py" />
      <jump line="124" column="7" filename="$USER_HOME$/Work/Gorilla/tests/web_helpers/test_helpers.py" />
      <jump line="128" column="7" filename="$USER_HOME$/Work/Gorilla/tests/web_helpers/test_helpers.py" />
      <jump line="134" column="61" filename="$USER_HOME$/Work/Gorilla/tests/web_helpers/test_helpers.py" />
      <jump line="8" column="8" filename="$USER_HOME$/Work/Gorilla/web/gorilla/templates/site_settings/cost_upload.html" />
    </jumps>
    <registers>
      <register name="&quot;" type="4">
        <text>cost_upload_data_source_id</text>
      </register>
      <register name="c" type="4">
        <keys>
          <key char="100" code="0" mods="0" />
          <key char="116" code="0" mods="0" />
          <key char="34" code="0" mods="0" />
          <key char="102" code="0" mods="0" />
          <key char="93" code="0" mods="0" />
          <key char="120" code="0" mods="0" />
          <key char="65" code="0" mods="0" />
          <key char="44" code="0" mods="0" />
          <key char="65535" code="8" mods="0" />
          <key char="58" code="0" mods="0" />
          <key char="65535" code="27" mods="0" />
        </keys>
      </register>
      <register name="d" type="4">
        <keys>
          <key char="65" code="0" mods="0" />
          <key char="44" code="0" mods="0" />
          <key char="65535" code="27" mods="0" />
        </keys>
      </register>
      <register name="e" type="4">
        <keys>
          <key char="102" code="0" mods="0" />
          <key char="39" code="0" mods="0" />
          <key char="34" code="0" mods="0" />
          <key char="49" code="0" mods="0" />
          <key char="121" code="0" mods="0" />
          <key char="105" code="0" mods="0" />
          <key char="39" code="0" mods="0" />
          <key char="70" code="0" mods="0" />
          <key char="91" code="0" mods="0" />
          <key char="68" code="0" mods="0" />
          <key char="65" code="0" mods="0" />
          <key char="103" code="0" mods="0" />
          <key char="101" code="0" mods="0" />
          <key char="116" code="0" mods="0" />
          <key char="65535" code="27" mods="0" />
          <key char="34" code="0" mods="0" />
          <key char="49" code="0" mods="0" />
          <key char="112" code="0" mods="0" />
          <key char="65535" code="27" mods="0" />
        </keys>
      </register>
      <register name="f" type="4">
        <text encoding="base64">aj4+ajR4amRkOHg+Pg==</text>
      </register>
      <register name="-" type="4">
        <text>cost_upload_data_source_id</text>
      </register>
      <register name="/" type="4">
        <text>.c</text>
      </register>
      <register name="0" type="2">
        <text encoding="base64">ICAgICAgICA8aW5wdXQgdHlwZT0iaGlkZGVuIiBuYW1lPSJkYXRhX3NvdXJjZV9pZCIgdmFsdWU9Int7IHNpdGUuY29zdF91cGxvYWRfZGF0YV9zb3VyY2VfaWQgfX0iPgo=</text>
      </register>
      <register name="1" type="2">
        <text encoding="base64">ICAgICAgICBkb2N1bWVudC5mb3Jtc1siY29zdF91cGxvYWRfZm9ybSJdLm9uc3VibWl0KCkK</text>
      </register>
      <register name="q" type="4">
        <text />
      </register>
      <register name="2" type="2">
        <text encoding="base64">Cg==</text>
      </register>
      <register name="r" type="4">
        <text>f'r&quot;</text>
      </register>
      <register name="3" type="2">
        <text encoding="base64">ICAgICAgICAgICAgPGxhYmVsPgogICAgICAgICAgICA8aW5wdXQgdHlwZT0idGV4dCIgbmFtZT0ie3sgaGVhZGVyIH19Ij4K</text>
      </register>
      <register name="s" type="4">
        <text>f:dt,</text>
      </register>
      <register name="4" type="2">
        <text encoding="base64">ICAgICAgICBpZiAobm90IHNpdGUuZ29vZ2xlX2FuYWx5dGljc19pZCBvciBub3Qgc2l0ZS5jb3N0X3VwbG9hZF9kYXRhX3NvdXJjZV9pZAogICAgICAgICAgICBvciBub3Qgc2l0ZS5jb3N0X3VwbG9hZF9oZWFkZXIpOgo=</text>
      </register>
      <register name="5" type="2">
        <text encoding="base64">Cg==</text>
      </register>
      <register name="u" type="4">
        <text>jb.</text>
      </register>
      <register name="6" type="2">
        <text encoding="base64">Cg==</text>
      </register>
      <register name="7" type="2">
        <text encoding="base64">Cg==</text>
      </register>
      <register name="w" type="4">
        <keys>
          <key char="105" code="0" mods="0" />
          <key char="100" code="0" mods="0" />
          <key char="97" code="0" mods="0" />
          <key char="116" code="0" mods="0" />
          <key char="97" code="0" mods="0" />
          <key char="91" code="0" mods="0" />
          <key char="34" code="0" mods="0" />
          <key char="65535" code="27" mods="0" />
          <key char="119" code="0" mods="0" />
          <key char="119" code="0" mods="0" />
          <key char="117" code="0" mods="0" />
          <key char="98" code="0" mods="0" />
          <key char="101" code="0" mods="0" />
          <key char="101" code="0" mods="0" />
          <key char="97" code="0" mods="0" />
          <key char="34" code="0" mods="0" />
          <key char="93" code="0" mods="0" />
          <key char="65535" code="27" mods="0" />
        </keys>
      </register>
      <register name="8" type="2">
        <text encoding="base64">CiAgICBhc3NlcnQgY29yZWdfb2ZmZXIuc3ViX2lkZW50aWZpZXIgPT0gImludGVybmFsQ29yZWciCiAgICBhc3NlcnQgY3BsX29mZmVyLnN1Yl9pZGVudGlmaWVyID09ICJjbGllbnRmYWNlQ1BMIgo=</text>
      </register>
      <register name="x" type="4">
        <keys>
          <key char="121" code="0" mods="0" />
          <key char="119" code="0" mods="0" />
          <key char="65" code="0" mods="0" />
          <key char="100" code="0" mods="0" />
          <key char="97" code="0" mods="0" />
          <key char="116" code="0" mods="0" />
          <key char="97" code="0" mods="0" />
          <key char="46" code="0" mods="0" />
          <key char="103" code="0" mods="0" />
          <key char="101" code="0" mods="0" />
          <key char="116" code="0" mods="0" />
          <key char="40" code="0" mods="0" />
          <key char="34" code="0" mods="0" />
          <key char="65535" code="27" mods="0" />
          <key char="112" code="0" mods="0" />
          <key char="105" code="0" mods="0" />
          <key char="34" code="0" mods="0" />
          <key char="44" code="0" mods="0" />
          <key char="32" code="0" mods="0" />
          <key char="78" code="0" mods="0" />
          <key char="111" code="0" mods="0" />
          <key char="110" code="0" mods="0" />
          <key char="101" code="0" mods="0" />
          <key char="41" code="0" mods="0" />
          <key char="65535" code="27" mods="0" />
        </keys>
      </register>
      <register name="9" type="2">
        <text encoding="base64">ICAgICAgICAiY2ttX3N1YmlkIjogY2xpZW50LnN1Yl9pZGVudGlmaWVyLAo=</text>
      </register>
      <register name=":" type="4">
        <text>w</text>
      </register>
    </registers>
    <search>
      <last-search>.c</last-search>
      <last-offset />
      <last-pattern>.c</last-pattern>
      <last-replace>text</last-replace>
      <last-substitute>background</last-substitute>
      <last-dir>1</last-dir>
      <show-last>false</show-last>
    </search>
    <history>
      <history-search>
        <entry>print</entry>
        <entry>typeform</entry>
        <entry>font-size</entry>
        <entry>background</entry>
        <entry>form-sub</entry>
        <entry>submit</entry>
        <entry>keyboardI</entry>
        <entry>check this</entry>
        <entry>client_re</entry>
        <entry>fields.</entry>
        <entry>service_client</entry>
        <entry>serve_clie</entry>
        <entry>campaign</entry>
        <entry>relevant</entry>
        <entry>to_cake</entry>
        <entry>client</entry>
        <entry>client_sec</entry>
        <entry>turkeyhub</entry>
        <entry>cake</entry>
        <entry>.c</entry>
      </history-search>
      <history-cmd>
        <entry>s/GBP/USD/g</entry>
        <entry>s/GBP/AUD/g</entry>
        <entry>s/GBP/EUR/g</entry>
        <entry>s/GBP/CAD/g</entry>
        <entry>s/41538/98552/g</entry>
        <entry>s/41538/97395/g</entry>
        <entry>s/summary/conversion/g</entry>
        <entry>wq</entry>
        <entry encoding="base64">JzwsJz5zL2Zvcm0tcGllY2UvaW5pdGlhbC1mb3JtLXBpZWNlL2c=</entry>
        <entry>s/first_name/gender/g</entry>
        <entry>s/first_name/dob/g</entry>
        <entry>W</entry>
        <entry>s/background/text/g</entry>
        <entry>q</entry>
        <entry>buf</entry>
        <entry>buflist</entry>
        <entry>listbuffers</entry>
        <entry>ls</entry>
        <entry>reg</entry>
        <entry>w</entry>
      </history-cmd>
      <history-expr />
      <history-input />
    </history>
    <shortcut-conflicts>
      <shortcut-conflict owner="vim">
        <text>ctrl pressed D</text>
      </shortcut-conflict>
      <shortcut-conflict owner="vim">
        <text>ctrl pressed U</text>
      </shortcut-conflict>
      <shortcut-conflict owner="vim">
        <text>ctrl pressed O</text>
      </shortcut-conflict>
      <shortcut-conflict owner="ide">
        <text>ctrl pressed F</text>
      </shortcut-conflict>
      <shortcut-conflict owner="ide">
        <text>ctrl pressed C</text>
      </shortcut-conflict>
      <shortcut-conflict owner="ide">
        <text>ctrl pressed V</text>
      </shortcut-conflict>
      <shortcut-conflict owner="ide">
        <text>ctrl pressed W</text>
      </shortcut-conflict>
      <shortcut-conflict owner="vim">
        <text>ctrl pressed M</text>
      </shortcut-conflict>
      <shortcut-conflict owner="ide">
        <text>ctrl pressed S</text>
      </shortcut-conflict>
      <shortcut-conflict owner="ide">
        <text>ctrl pressed T</text>
      </shortcut-conflict>
      <shortcut-conflict owner="vim">
        <text>ctrl pressed X</text>
      </shortcut-conflict>
      <shortcut-conflict owner="ide">
        <text>ctrl pressed A</text>
      </shortcut-conflict>
      <shortcut-conflict owner="vim">
        <text>ctrl pressed R</text>
      </shortcut-conflict>
      <shortcut-conflict owner="vim">
        <text>ctrl pressed G</text>
      </shortcut-conflict>
      <shortcut-conflict owner="vim">
        <text>ctrl pressed Q</text>
      </shortcut-conflict>
      <shortcut-conflict owner="vim">
        <text>ctrl pressed CLOSE_BRACKET</text>
      </shortcut-conflict>
      <shortcut-conflict owner="vim">
        <text>ctrl pressed OPEN_BRACKET</text>
      </shortcut-conflict>
      <shortcut-conflict owner="vim">
        <text>ctrl pressed H</text>
      </shortcut-conflict>
      <shortcut-conflict owner="vim">
        <text>ctrl pressed 2</text>
      </shortcut-conflict>
      <shortcut-conflict owner="vim">
        <text>ctrl pressed N</text>
      </shortcut-conflict>
      <shortcut-conflict owner="vim">
        <text>ctrl pressed E</text>
      </shortcut-conflict>
      <shortcut-conflict owner="vim">
        <text>ctrl pressed I</text>
      </shortcut-conflict>
    </shortcut-conflicts>
  </component>
</application>