<application>
  <component name="WindowManager">
    <frame x="0" y="44" width="1671" height="1293" extendedState="6" />
  </component>
  <component name="WindowStateApplicationService">
    <state x="581" y="206" width="424" height="495" key="FileChooserDialogImpl" timestamp="1721140361631">
      <screen x="0" y="32" width="1596" height="930" />
    </state>
    <state x="581" y="206" width="424" height="495" key="FileChooserDialogImpl/0.32.1596.930" timestamp="1721140361631" />
  </component>
</application>