<keymap version="1" name="Default for KDE copy" parent="Default for KDE">
  <action id="ActivateDataViewToolWindow">
    <keyboard-shortcut first-keystroke="ctrl alt d" />
  </action>
  <action id="ChangesView.Diff" />
  <action id="CheckinProject" />
  <action id="CloseActiveTab" />
  <action id="CloseContent">
    <keyboard-shortcut first-keystroke="ctrl w" />
  </action>
  <action id="CompareTwoFiles" />
  <action id="Console.TableResult.CloneRow" />
  <action id="Console.TableResult.SetDefault" />
  <action id="ContextHelp" />
  <action id="DatabaseView.CopyAction" />
  <action id="DecrementWindowHeight" />
  <action id="Diff.ShowDiff" />
  <action id="EditorCodeBlockStartWithSelection" />
  <action id="EditorDeleteLine">
    <keyboard-shortcut first-keystroke="ctrl k" />
  </action>
  <action id="EditorDuplicate" />
  <action id="EditorDuplicateLines">
    <keyboard-shortcut first-keystroke="ctrl d" />
  </action>
  <action id="EditorMatchBrace">
    <keyboard-shortcut first-keystroke="shift ctrl open_bracket" />
  </action>
  <action id="EditorSelectWord" />
  <action id="FileChooser.GotoDesktop" />
  <action id="GotoDeclaration">
    <mouse-shortcut keystroke="control button1" />
    <keyboard-shortcut first-keystroke="ctrl t" />
  </action>
  <action id="GotoFile">
    <keyboard-shortcut first-keystroke="shift ctrl q" />
  </action>
  <action id="GotoSymbol">
    <keyboard-shortcut first-keystroke="ctrl alt t" />
  </action>
  <action id="IncrementWindowHeight" />
  <action id="MoveLineDown">
    <keyboard-shortcut first-keystroke="shift alt down" />
    <keyboard-shortcut first-keystroke="shift ctrl down" />
  </action>
  <action id="MoveLineUp">
    <keyboard-shortcut first-keystroke="shift alt up" />
    <keyboard-shortcut first-keystroke="shift ctrl up" />
  </action>
  <action id="MoveStatementDown" />
  <action id="MoveStatementUp" />
  <action id="ResetColumnsWidth" />
  <action id="ResizeToolWindowDown" />
  <action id="ResizeToolWindowUp" />
  <action id="SendEOF" />
  <action id="SurroundWith" />
  <action id="Vcs.UpdateProject" />
  <action id="XDebugger.CopyWatch" />
  <action id="openAssertEqualsDiff" />
</keymap>